gene,n_high,events_high,n_low,events_low,logrank_p
GENE291,25,25,25,25,0.049291517194177535
GENE406,25,25,25,25,0.02734800029761685
GENE95,25,25,25,25,0.6408942294923301
GENE437,25,25,25,25,0.03032207767262144
GENE38,25,25,25,25,0.0022204305541375534
GENE54,25,25,25,25,0.9350383076737169
GENE362,25,25,25,25,0.980371418903453
GENE196,25,25,25,25,0.4080676880626142
GENE363,25,25,25,25,0.21000199963978242
GENE173,25,25,25,25,0.012432587901407834
