gene,n_high,n_low,logrank_p
GENE291,25,25,0.049291517194177535
GENE437,25,25,0.03032207767262144
