Feature,Mean|SHAP|
GENE291,0.3949890927355881
GENE406,0.35776169004280994
GENE95,0.20719382687582366
GENE437,0.19843012857317763
GENE38,0.1759742279493158
GENE54,0.16983892113999632
GENE362,0.15247454751644113
GENE196,0.149538915718151
GENE363,0.14007496902518327
GENE173,0.1367717647965276
